{
  "name": "example/hello-world-module",
  "d4Shortcode": "",
  "title": "Hello World Module",
  "titles": "Hello World Modules",
  "moduleIcon": "example/module-hello-world",
  "moduleClassName": "example_hello_world_module",
  "moduleOrderClassName": "example_hello_world_module",
  "category": "module",
  "attributes": {
    "module": {
      "type": "object",
      "selector": "{{selector}}",
      "styleProps": {
        "border": {
          "important": true
        }
      },
      "settings": {
        "meta": {
          "adminLabel": {}
        },
        "advanced": {
          "link": {},
          "text": {},
          "htmlAttributes": {}
        },
        "decoration": {
          "background": {},
          "sizing": {},
          "spacing": {},
          "border": {},
          "boxShadow": {},
          "filters": {},
          "transform": {},
          "animation": {},
          "overflow": {},
          "disabledOn": {},
          "transition": {},
          "position": {},
          "zIndex": {},
          "scroll": {},
          "sticky": {}
        }
      }
    },
    "image": {
      "type": "object",
      "selector": "{{selector}} .example_hello_world_module__image img",
      "styleProps": {
        "border": {
          "important": true
        }
      },
      "settings": {
        "innerContent": {
          "groupType": "group-items",
          "items": {
            "src": {
              "groupSlug": "contentImage",
              "priority": 10,
              "render": true,
              "subName": "src",
              "label": "Image",
              "description": "Upload an Image",
              "features": {
                "sticky": false,
                "dynamicContent": false
              },
              "component": {
                "name": "divi/upload",
                "type": "field"
              }
            }
          }
        },
        "decoration": {
          "border": {
            "groupType": "group-item",
            "item": {
              "groupSlug": "designImage",
              "priority": 10,
              "render": true,
              "component": {
                "type": "group",
                "name": "divi/border",
                "props": {
                  "grouped": false
                }
              }
            }
          },
          "spacing": {
            "groupType": "group-item",
            "item": {
              "groupSlug": "designImage",
              "priority": 20,
              "render": true,
              "component": {
                "type": "group",
                "name": "divi/spacing",
                "props": {
                  "grouped": false
                }
              }
            }
          },
          "boxShadow": {
            "groupType": "group-item",
            "item": {
              "groupSlug": "designImage",
              "priority": 30,
              "render": true,
              "component": {
                "type": "group",
                "name": "divi/box-shadow",
                "props": {
                  "grouped": false
                }
              }
            }
          },
          "filters": {
            "groupType": "group-item",
            "item": {
              "groupSlug": "designImage",
              "priority": 40,
              "render": true,
              "component": {
                "type": "group",
                "name": "divi/filters",
                "props": {
                  "grouped": false
                }
              }
            }
          }
        }
      }
    },
    "title": {
      "type": "object",
      "selector": "{{selector}} .example_hello_world_module__title",
      "styleProps": {
        "font": {
          "important": {
            "font": {
              "desktop": {
                "value": {
                  "color": true
                }
              }
            }
          }
        }
      },
      "settings": {
        "innerContent": {
          "groupType": "group-item",
          "item": {
            "groupName": "mainContent",
            "priority": 10,
            "render": true,
            "attrName": "title.innerContent",
            "label": "Title",
            "description": "Input your value to action title here.",
            "features": {
              "sticky": false,
              "dynamicContent": false
            },
            "component": {
              "name": "divi/text",
              "type": "field"
            }
          }
        },
        "decoration": {
          "font": {
            "priority": 10,
            "component": {
              "props": {
                "groupLabel": "Title Text",
                "fieldLabel": "Title",
                "fields": {
                  "headingLevel": {
                    "render": false
                  }
                }
              }
            }
          }
        }
      },
      "tagName": "h2",
      "attributes": {
        "class": "example_hello_world_module__title"
      },
      "inlineEditor": "plainText",
      "elementType": "heading",
      "childrenSanitizer": "et_core_esc_previously"
    },
    "description": {
      "type": "object",
      "selector": "{{selector}} .example_hello_world_module__description",
      "tagName": "div",
      "attributes": {
        "class": "example_hello_world_module__description"
      },
      "inlineEditor": "plainText",
      "childrenSanitizer": "et_core_esc_previously",
      "settings": {
        "innerContent": {
          "groupType": "group-item",
          "item": {
            "groupName": "mainContent",
            "priority": 15,
            "render": true,
            "attrName": "description.innerContent",
            "label": "Description",
            "description": "Input your description text here. This field supports multiple lines.",
            "features": {
              "sticky": false,
              "dynamicContent": false,
              "responsive": false
            },
            "component": {
              "name": "divi/textarea",
              "type": "field",
              "props": {
                "showPlaceholderOnEmpty": true
              }
            }
          }
        },
        "decoration": {
          "font": {
            "priority": 10,
            "component": {
              "props": {
                "groupLabel": "Summary Text",
                "fieldLabel": "Summary"
              }
            }
          }
        }
      }
    }
  },
  "customCssFields": {
    "contentContainer": {
      "subName": "contentContainer",
      "selectorSuffix": " .example_hello_world_module__content-container"
    },
    "title": {
      "subName": "title",
      "selector": "div{{selector}}",
      "selectorSuffix": " .example_hello_world_module__title"
    },
    "description": {
      "subName": "description",
      "selectorSuffix": " .example_hello_world_module__description"
    },
    "image": {
      "subName": "image",
      "selectorSuffix": " .example_hello_world_module__image img"
    }
  },
  "settings": {
    "content": "auto",
    "design": "auto",
    "advanced": "auto",
    "groups": {
      "contentImage": {
        "panel": "content",
        "priority": 20,
        "groupName": "contentImage",
        "multiElements": true,
        "component": {
          "name": "divi/composite",
          "props": {
            "groupLabel": "Image"
          }
        }
      },
      "designImage": {
        "panel": "design",
        "priority": 10,
        "groupName": "designImage",
        "multiElements": true,
        "component": {
          "name": "divi/composite",
          "props": {
            "groupLabel": "Image Style"
          }
        }
      }
    }
  }
}
